{
	"info": {
		"_postman_id": "e58f7a1c-3e9b-470f-94c2-75cf2bdafcd5",
		"name": "AAIB - Creditcard",
		"schema": "https://schema.getpostman.com/json/collection/v2.1.0/collection.json"
	},
	"item": [
		{
			"name": "Get cards per account",
			"event": [
				{
					"listen": "test",
					"script": {
						"exec": [
							""
						],
						"type": "text/javascript"
					}
				}
			],
			"protocolProfileBehavior": {
				"disableBodyPruning": true
			},
			"request": {
				"auth": {
					"type": "bearer",
					"bearer": [
						{
							"key": "token",
							"value": "{{token}}",
							"type": "string"
						}
					]
				},
				"method": "GET",
				"header": [],
				"body": {
					"mode": "raw",
					"raw": "",
					"options": {
						"raw": {
							"language": "json"
						}
					}
				},
				"url": {
					"raw": "{{url-credit}}/credit",
					"host": [
						"{{url-credit}}"
					],
					"path": [
						"credit"
					]
				}
			},
			"response": [
				{
					"name": "Get cards per account",
					"originalRequest": {
						"method": "GET",
						"header": [
							{
								"key": "Authorization",
								"value": "Bearer {{token}}",
								"type": "text"
							}
						],
						"body": {
							"mode": "raw",
							"raw": "",
							"options": {
								"raw": {
									"language": "json"
								}
							}
						},
						"url": {
							"raw": "{{url-credit}}/credit",
							"host": [
								"{{url-credit}}"
							],
							"path": [
								"credit"
							]
						}
					},
					"status": "OK",
					"code": 200,
					"_postman_previewlanguage": "json",
					"header": [],
					"cookie": [],
					"body": "{\n    \"statusCode\": \"10000\",\n    \"message\": \"Success\",\n    \"data\": {\n        \"cards\": [\n            {\n                \"Id\": \"6789542144818001\",\n                \"Company\": \"EG0010180\",\n                \"Customer\": \"10210699\",\n                \"CardNumber\": \"527109******4609\",\n                \"Account\": \"1021069911570201\",\n                \"AccountCurrency\": \"EGP\",\n                \"CardFinancialProfile\": \"MC Titanium Standard (Main)-818\",\n                \"CardCurrency\": \"EGP\",\n                \"CreateDate\": 20200714,\n                \"CardLimit\": 30000,\n                \"NameOnCard\": \"SAAD ATEF SAAD\",\n                \"Status\": \"Opened\",\n                \"LastStmtDate\": 20210429,\n                \"LastStmtBalalance\": -26524.12,\n                \"MobileNo\": \"201225644844\",\n                \"Bucket\": \"P0\",\n                \"Balance\": -26945.86,\n                \"LastPayDate\": 20210425,\n                \"LastPaidAmt\": 1065.79,\n                \"LastOverdueAmt\": 0,\n                \"SecurityIndicator\": \"UNSECURED\",\n                \"RepaymentAccount\": \"1021069910010201\",\n                \"ExpiryDate\": 20230731,\n                \"CashLimit\": 30000,\n                \"SaleLimit\": 30000,\n                \"PrmSupFlag\": \"Primary\",\n                \"DirectDebitRate\": 5,\n                \"MinPaymentDueAmount\": 1326.21,\n                \"MinPaymentDueDate\": 20210527\n            }\n        ],\n        \"balance\": {\n            \"amount\": -26945.86,\n            \"currency\": \"EGP\"\n        }\n    }\n}"
				}
			]
		},
		{
			"name": "Get credit card transactions",
			"event": [
				{
					"listen": "test",
					"script": {
						"exec": [
							""
						],
						"type": "text/javascript"
					}
				}
			],
			"protocolProfileBehavior": {
				"disableBodyPruning": true
			},
			"request": {
				"auth": {
					"type": "bearer",
					"bearer": [
						{
							"key": "token",
							"value": "{{token}}",
							"type": "string"
						}
					]
				},
				"method": "GET",
				"header": [],
				"body": {
					"mode": "raw",
					"raw": "",
					"options": {
						"raw": {
							"language": "json"
						}
					}
				},
				"url": {
					"raw": "{{url-credit}}/credit/transactions/{id}?toDate=20210830",
					"host": [
						"{{url-credit}}"
					],
					"path": [
						"credit",
						"transactions",
						"Credit_EGP_34265"
					],
					"query": [
						{
							"key": "fromDate",
							"value": "20210908",
							"disabled": true
						},
						{
							"key": "toDate",
							"value": "20210830"
						},
						{
							"key": "search",
							"value": "ATM ACQU",
							"disabled": true
						}
					]
				}
			},
			"response": [
				{
					"name": "Get credit card transactions",
					"originalRequest": {
						"method": "GET",
						"header": [],
						"body": {
							"mode": "raw",
							"raw": "",
							"options": {
								"raw": {
									"language": "json"
								}
							}
						},
						"url": {
							"raw": "{{url-credit}}/credit/transactions/Credit_EGP_34265?fromDate=20210901&toDate=20210902&search=ATM ACQU",
							"host": [
								"{{url-credit}}"
							],
							"path": [
								"credit",
								"transactions",
								"Credit_EGP_34265"
							],
							"query": [
								{
									"key": "fromDate",
									"value": "20210901"
								},
								{
									"key": "toDate",
									"value": "20210902"
								},
								{
									"key": "search",
									"value": "ATM ACQU"
								}
							]
						}
					},
					"status": "OK",
					"code": 200,
					"_postman_previewlanguage": "json",
					"header": [],
					"cookie": [],
					"body": "{\n    \"statusCode\": \"10000\",\n    \"message\": \"Success\",\n    \"data\": {\n        \"transactions\": [\n            {\n                \"ApprovalNo\": \"191008\",\n                \"SettlementAmount\": -1003,\n                \"Amount\": 1000,\n                \"Currency\": \"EGP\",\n                \"TrsDate\": \"20210901\",\n                \"TrsTime\": \"113107\",\n                \"CardNumber\": \"458783******0241\",\n                \"MBR\": \"0\",\n                \"TerminalClass\": \"ATM\",\n                \"TerminalID\": \"TERMID01\",\n                \"TerminalLocation\": \"ACQUIRER NAME*CARD ACCEPTOR*CITY NAME*EGYPT\",\n                \"TerminalCity\": \"CITY NAME\",\n                \"TerminalCountry\": \"818\",\n                \"MerchantCategory\": \"6011\",\n                \"ChargeAmount\": 3,\n                \"timestamp\": \"20210901.113107\",\n                \"correlationId\": \"191008-20210901.113107\",\n                \"description\": \"ATM ACQUIRER NAME*CARD ACCEPTOR*CITY NAME*EGYPT\"\n            },\n            {\n                \"ApprovalNo\": \"035007\",\n                \"SettlementAmount\": -1003,\n                \"Amount\": 1000,\n                \"Currency\": \"EGP\",\n                \"TrsDate\": \"20210901\",\n                \"TrsTime\": \"113052\",\n                \"CardNumber\": \"458783******0241\",\n                \"MBR\": \"0\",\n                \"TerminalClass\": \"ATM\",\n                \"TerminalID\": \"TERMID01\",\n                \"TerminalLocation\": \"ACQUIRER NAME*CARD ACCEPTOR*CITY NAME*EGYPT\",\n                \"TerminalCity\": \"CITY NAME\",\n                \"TerminalCountry\": \"818\",\n                \"MerchantCategory\": \"6011\",\n                \"ChargeAmount\": 3,\n                \"timestamp\": \"20210901.113052\",\n                \"correlationId\": \"035007-20210901.113052\",\n                \"description\": \"ATM ACQUIRER NAME*CARD ACCEPTOR*CITY NAME*EGYPT\"\n            },\n            {\n                \"ApprovalNo\": \"350003\",\n                \"SettlementAmount\": -503,\n                \"Amount\": 500,\n                \"Currency\": \"EGP\",\n                \"TrsDate\": \"20210901\",\n                \"TrsTime\": \"112224\",\n                \"CardNumber\": \"458783******0241\",\n                \"MBR\": \"0\",\n                \"TerminalClass\": \"ATM\",\n                \"TerminalID\": \"TERMID01\",\n                \"TerminalLocation\": \"ACQUIRER NAME*CARD ACCEPTOR*CITY NAME*EGYPT\",\n                \"TerminalCity\": \"CITY NAME\",\n                \"TerminalCountry\": \"818\",\n                \"MerchantCategory\": \"6011\",\n                \"ChargeAmount\": 3,\n                \"timestamp\": \"20210901.112224\",\n                \"correlationId\": \"350003-20210901.112224\",\n                \"description\": \"ATM ACQUIRER NAME*CARD ACCEPTOR*CITY NAME*EGYPT\"\n            }\n        ]\n    }\n}"
				}
			]
		},
		{
			"name": "Set status",
			"event": [
				{
					"listen": "test",
					"script": {
						"exec": [
							""
						],
						"type": "text/javascript"
					}
				}
			],
			"request": {
				"auth": {
					"type": "bearer",
					"bearer": [
						{
							"key": "token",
							"value": "{{token}}",
							"type": "string"
						}
					]
				},
				"method": "POST",
				"header": [],
				"body": {
					"mode": "raw",
					"raw": "{\n    \"ContractId\": \"9019972451818001\",\n    \"Action\": \"Open\"\n}",
					"options": {
						"raw": {
							"language": "json"
						}
					}
				},
				"url": {
					"raw": "{{url-credit}}/credit/setstatus",
					"host": [
						"{{url-credit}}"
					],
					"path": [
						"credit",
						"setstatus"
					]
				}
			},
			"response": [
				{
					"name": "Set status Lost",
					"originalRequest": {
						"method": "POST",
						"header": [],
						"body": {
							"mode": "raw",
							"raw": "{\n    \"ContractId\": \"9019972451818001\",\n    \"Action\": \"Lost\"\n}",
							"options": {
								"raw": {
									"language": "json"
								}
							}
						},
						"url": {
							"raw": "{{url-credit}}/credit/setstatus",
							"host": [
								"{{url-credit}}"
							],
							"path": [
								"credit",
								"setstatus"
							]
						}
					},
					"status": "OK",
					"code": 200,
					"_postman_previewlanguage": "json",
					"header": [],
					"cookie": [],
					"body": "{\n    \"statusCode\": \"10000\",\n    \"message\": \"Success\",\n    \"data\": {\n        \"message\": \"Success\"\n    }\n}"
				},
				{
					"name": "Set status Open",
					"originalRequest": {
						"method": "POST",
						"header": [],
						"body": {
							"mode": "raw",
							"raw": "{\n    \"ContractId\": \"9019972451818001\",\n    \"Action\": \"Open\"\n}",
							"options": {
								"raw": {
									"language": "json"
								}
							}
						},
						"url": {
							"raw": "{{url-credit}}/credit/setstatus",
							"host": [
								"{{url-credit}}"
							],
							"path": [
								"credit",
								"setstatus"
							]
						}
					},
					"status": "OK",
					"code": 200,
					"_postman_previewlanguage": "json",
					"header": [],
					"cookie": [],
					"body": "{\n    \"statusCode\": \"10000\",\n    \"message\": \"Success\",\n    \"data\": {\n        \"message\": \"Success\"\n    }\n}"
				},
				{
					"name": "Set status Stolen",
					"originalRequest": {
						"method": "POST",
						"header": [],
						"body": {
							"mode": "raw",
							"raw": "{\n    \"ContractId\": \"9019972451818001\",\n    \"Action\": \"Stolen\"\n}",
							"options": {
								"raw": {
									"language": "json"
								}
							}
						},
						"url": {
							"raw": "{{url-credit}}/credit/setstatus",
							"host": [
								"{{url-credit}}"
							],
							"path": [
								"credit",
								"setstatus"
							]
						}
					},
					"status": "OK",
					"code": 200,
					"_postman_previewlanguage": "json",
					"header": [],
					"cookie": [],
					"body": "{\n    \"statusCode\": \"10000\",\n    \"message\": \"Success\",\n    \"data\": {\n        \"message\": \"Success\"\n    }\n}"
				}
			]
		},
		{
			"name": "Own credit card transfer",
			"event": [
				{
					"listen": "test",
					"script": {
						"exec": [
							""
						],
						"type": "text/javascript"
					}
				}
			],
			"request": {
				"auth": {
					"type": "bearer",
					"bearer": [
						{
							"key": "token",
							"value": "{{token}}",
							"type": "string"
						}
					]
				},
				"method": "POST",
				"header": [],
				"body": {
					"mode": "raw",
					"raw": "{\n  \"debitAcc\": \"1003011611070201\",\n  \"contractId\": \"6638832123818001\",\n  \"currency\": \"EGP\",\n  \"amount\": 1\n}",
					"options": {
						"raw": {
							"language": "json"
						}
					}
				},
				"url": {
					"raw": "{{url-credit}}/credit/payment",
					"host": [
						"{{url-credit}}"
					],
					"path": [
						"credit",
						"payment"
					]
				}
			},
			"response": [
				{
					"name": "Own credit card transfer",
					"originalRequest": {
						"method": "POST",
						"header": [],
						"body": {
							"mode": "raw",
							"raw": "{\n  \"debitAcc\": \"1003011611070201\",\n  \"contractId\": \"6638832123818001\",\n  \"currency\": \"EGP\",\n  \"amount\": 1\n}",
							"options": {
								"raw": {
									"language": "json"
								}
							}
						},
						"url": {
							"raw": "{{url-credit}}/credit/payment",
							"host": [
								"{{url-credit}}"
							],
							"path": [
								"credit",
								"payment"
							]
						}
					},
					"status": "OK",
					"code": 200,
					"_postman_previewlanguage": "json",
					"header": [],
					"cookie": [],
					"body": "{\n    \"statusCode\": \"10000\",\n    \"message\": \"Success\",\n    \"data\": {\n        \"transactionId\": \"FT212731L24N-8851984-412050\"\n    }\n}"
				}
			]
		},
		{
			"name": "Get credit card settings",
			"event": [
				{
					"listen": "test",
					"script": {
						"exec": [
							""
						],
						"type": "text/javascript"
					}
				}
			],
			"protocolProfileBehavior": {
				"disableBodyPruning": true
			},
			"request": {
				"auth": {
					"type": "bearer",
					"bearer": [
						{
							"key": "token",
							"value": "{{token}}",
							"type": "string"
						}
					]
				},
				"method": "GET",
				"header": [],
				"body": {
					"mode": "raw",
					"raw": "",
					"options": {
						"raw": {
							"language": "json"
						}
					}
				},
				"url": {
					"raw": "{{url-credit}}/credit/settings/{ContractId}",
					"host": [
						"{{url-credit}}"
					],
					"path": [
						"credit",
						"settings",
						"9019972451818001"
					]
				}
			},
			"response": [
				{
					"name": "Get credit card settings",
					"originalRequest": {
						"method": "GET",
						"header": [],
						"body": {
							"mode": "raw",
							"raw": "",
							"options": {
								"raw": {
									"language": "json"
								}
							}
						},
						"url": {
							"raw": "{{url-credit}}/credit/settings/9019972451818001",
							"host": [
								"{{url-credit}}"
							],
							"path": [
								"credit",
								"settings",
								"9019972451818001"
							]
						}
					},
					"status": "OK",
					"code": 200,
					"_postman_previewlanguage": "json",
					"header": [],
					"cookie": [],
					"body": "{\n    \"statusCode\": \"10000\",\n    \"message\": \"Success\",\n    \"data\": {\n        \"CardNumber\": \"458783******0241\",\n        \"eCommerce\": \"ON_FOR_TIME\",\n        \"eComOnUntil\": \"2099-12-31T00:00:00+02:00\",\n        \"Purchase\": \"ON_FOR_TIME\",\n        \"PurchaseOnUntil\": \"2099-12-31T00:00:00+02:00\",\n        \"Cash\": \"ON_FOR_TIME\",\n        \"CashOnUntil\": \"2099-12-31T00:00:00+02:00\",\n        \"AllowAnyForeign\": true,\n        \"AllowSpecificForeign\": false\n    }\n}"
				}
			]
		},
		{
			"name": "Update credit card settings Copy",
			"event": [
				{
					"listen": "test",
					"script": {
						"exec": [
							""
						],
						"type": "text/javascript"
					}
				}
			],
			"request": {
				"auth": {
					"type": "bearer",
					"bearer": [
						{
							"key": "token",
							"value": "{{token}}",
							"type": "string"
						}
					]
				},
				"method": "POST",
				"header": [],
				"body": {
					"mode": "raw",
					"raw": "{\n  \"ContractId\": \"9019972451818001\",\n  \"Setting\": \"eCommerce\",\n  \"Action\": \"ON_FOR_ONE\"\n}",
					"options": {
						"raw": {
							"language": "json"
						}
					}
				},
				"url": {
					"raw": "{{url-credit}}/credit/settings",
					"host": [
						"{{url-credit}}"
					],
					"path": [
						"credit",
						"settings"
					]
				}
			},
			"response": [
				{
					"name": "Update credit card settings Copy",
					"originalRequest": {
						"method": "POST",
						"header": [],
						"body": {
							"mode": "raw",
							"raw": "{\n  \"ContractId\": \"9019972451818001\",\n  \"Setting\": \"eCommerce\",\n  \"Action\": \"ON_FOR_ONE\"\n}",
							"options": {
								"raw": {
									"language": "json"
								}
							}
						},
						"url": {
							"raw": "{{url-credit}}/credit/settings",
							"host": [
								"{{url-credit}}"
							],
							"path": [
								"credit",
								"settings"
							]
						}
					},
					"status": "OK",
					"code": 200,
					"_postman_previewlanguage": "json",
					"header": [],
					"cookie": [],
					"body": "{\n    \"statusCode\": \"10000\",\n    \"message\": \"Success\",\n    \"data\": {\n        \"message\": \"Success\"\n    }\n}"
				}
			]
		}
	]
}