{
	"info": {
		"_postman_id": "8430f908-a5da-4d4b-9e4e-5619b123c9a2",
		"name": "AAIB -Customer",
		"schema": "https://schema.getpostman.com/json/collection/v2.1.0/collection.json"
	},
	"item": [
		{
			"name": "Get customer settings",
			"event": [
				{
					"listen": "test",
					"script": {
						"exec": [
							""
						],
						"type": "text/javascript"
					}
				}
			],
			"protocolProfileBehavior": {
				"disableBodyPruning": true
			},
			"request": {
				"auth": {
					"type": "bearer",
					"bearer": [
						{
							"key": "token",
							"value": "{{token}}",
							"type": "string"
						}
					]
				},
				"method": "GET",
				"header": [],
				"body": {
					"mode": "raw",
					"raw": "",
					"options": {
						"raw": {
							"language": "json"
						}
					}
				},
				"url": {
					"raw": "{{url-customer}}/customer",
					"host": [
						"{{url-customer}}"
					],
					"path": [
						"customer"
					]
				}
			},
			"response": [
				{
					"name": "Get customer settings",
					"originalRequest": {
						"method": "GET",
						"header": [],
						"url": {
							"raw": "{{url-customer}}/customer",
							"host": [
								"{{url-customer}}"
							],
							"path": [
								"customer"
							]
						}
					},
					"status": "OK",
					"code": 200,
					"_postman_previewlanguage": "json",
					"header": [],
					"cookie": [],
					"body": "{\n    \"statusCode\": \"10000\",\n    \"message\": \"Success\",\n    \"data\": {\n        \"firstLogin\": false,\n        \"showSoftTokenApp\": true\n    }\n}"
				}
			]
		},
		{
			"name": "Get customer info",
			"event": [
				{
					"listen": "test",
					"script": {
						"exec": [
							""
						],
						"type": "text/javascript"
					}
				}
			],
			"protocolProfileBehavior": {
				"disableBodyPruning": true
			},
			"request": {
				"auth": {
					"type": "bearer",
					"bearer": [
						{
							"key": "token",
							"value": "{{token}}",
							"type": "string"
						}
					]
				},
				"method": "GET",
				"header": [],
				"body": {
					"mode": "raw",
					"raw": "",
					"options": {
						"raw": {
							"language": "json"
						}
					}
				},
				"url": {
					"raw": "{{url-customer}}/customer",
					"host": [
						"{{url-customer}}"
					],
					"path": [
						"customer"
					]
				}
			},
			"response": [
				{
					"name": "Get customer settings",
					"originalRequest": {
						"method": "GET",
						"header": [],
						"url": {
							"raw": "{{url-customer}}/customer",
							"host": [
								"{{url-customer}}"
							],
							"path": [
								"customer"
							]
						}
					},
					"status": "OK",
					"code": 200,
					"_postman_previewlanguage": "json",
					"header": [],
					"cookie": [],
					"body": "{\n    \"statusCode\": \"10000\",\n    \"message\": \"Success\",\n    \"data\": {\n        \"firstLogin\": false,\n        \"showSoftTokenApp\": true\n    }\n}"
				}
			]
		},
		{
			"name": "Update customer settings",
			"event": [
				{
					"listen": "test",
					"script": {
						"exec": [
							"var data = JSON.parse(responseBody);\r",
							"\r",
							"\r",
							"\r",
							"\r",
							"\r",
							"postman.setGlobalVariable(\"token\", data.data.tokens.accessToken);\r",
							"\r",
							"\r",
							"\r",
							"postman.setGlobalVariable(\"refreshToken\", data.data.tokens.refreshToken);\r",
							"\r",
							"\r",
							"\r",
							"postman.setGlobalVariable(\"orgToken\", data.data.tokens.hidToken);"
						],
						"type": "text/javascript"
					}
				}
			],
			"request": {
				"auth": {
					"type": "bearer",
					"bearer": [
						{
							"key": "token",
							"value": "{{token}}",
							"type": "string"
						}
					]
				},
				"method": "POST",
				"header": [],
				"body": {
					"mode": "raw",
					"raw": "{\r\n    \"showRatePopUp\":false\r\n}",
					"options": {
						"raw": {
							"language": "json"
						}
					}
				},
				"url": {
					"raw": "{{url-customer}}/customer",
					"host": [
						"{{url-customer}}"
					],
					"path": [
						"customer"
					]
				}
			},
			"response": [
				{
					"name": "Update customer settings",
					"originalRequest": {
						"method": "POST",
						"header": [],
						"body": {
							"mode": "raw",
							"raw": "{\n    \"showSoftTokenApp\": false\n}",
							"options": {
								"raw": {
									"language": "json"
								}
							}
						},
						"url": {
							"raw": "{{url-customer}}/customer",
							"host": [
								"{{url-customer}}"
							],
							"path": [
								"customer"
							]
						}
					},
					"status": "OK",
					"code": 200,
					"_postman_previewlanguage": "json",
					"header": [],
					"cookie": [],
					"body": "{\n    \"statusCode\": \"10000\",\n    \"message\": \"Success\",\n    \"data\": {\n        \"message\": \"Success\"\n    }\n}"
				}
			]
		},
		{
			"name": "add or update customer mobile transfer",
			"event": [
				{
					"listen": "test",
					"script": {
						"exec": [
							""
						],
						"type": "text/javascript"
					}
				}
			],
			"request": {
				"auth": {
					"type": "bearer",
					"bearer": [
						{
							"key": "token",
							"value": "{{token}}",
							"type": "string"
						}
					]
				},
				"method": "POST",
				"header": [],
				"body": {
					"mode": "raw",
					"raw": "{\n    \"enabled\": true,\n    \"accountNumber\": \"1024341510010101\"\n}",
					"options": {
						"raw": {
							"language": "json"
						}
					}
				},
				"url": {
					"raw": "{{url-customer}}/customer/mobileTransfer",
					"host": [
						"{{url-customer}}"
					],
					"path": [
						"customer",
						"mobileTransfer"
					]
				}
			},
			"response": [
				{
					"name": "Update customer settings",
					"originalRequest": {
						"method": "POST",
						"header": [],
						"body": {
							"mode": "raw",
							"raw": "{\n    \"showSoftTokenApp\": false\n}",
							"options": {
								"raw": {
									"language": "json"
								}
							}
						},
						"url": {
							"raw": "{{url-customer}}/customer",
							"host": [
								"{{url-customer}}"
							],
							"path": [
								"customer"
							]
						}
					},
					"status": "OK",
					"code": 200,
					"_postman_previewlanguage": "json",
					"header": [],
					"cookie": [],
					"body": "{\n    \"statusCode\": \"10000\",\n    \"message\": \"Success\",\n    \"data\": {\n        \"message\": \"Success\"\n    }\n}"
				}
			]
		},
		{
			"name": "submit cheque book request",
			"event": [
				{
					"listen": "test",
					"script": {
						"exec": [
							""
						],
						"type": "text/javascript"
					}
				}
			],
			"request": {
				"auth": {
					"type": "bearer",
					"bearer": [
						{
							"key": "token",
							"value": "{{token}}",
							"type": "string"
						}
					]
				},
				"method": "POST",
				"header": [],
				"body": {
					"mode": "raw",
					"raw": "{\n    \"AccId\":\"1000023710010201\",\n    \"DeliveryBranch\":\"EG0010001\",\n    \"NoofChequeBooks\":1,\n    \"NumberOfLeaves\":32,\n    \"Currency\":\"USD\",\n    \"CountryCode\": \"EG\"\n}",
					"options": {
						"raw": {
							"language": "json"
						}
					}
				},
				"url": {
					"raw": "{{url-customer}}/customer/chequebook/submit",
					"host": [
						"{{url-customer}}"
					],
					"path": [
						"customer",
						"chequebook",
						"submit"
					]
				}
			},
			"response": [
				{
					"name": "Update customer settings",
					"originalRequest": {
						"method": "POST",
						"header": [],
						"body": {
							"mode": "raw",
							"raw": "{\n    \"showSoftTokenApp\": false\n}",
							"options": {
								"raw": {
									"language": "json"
								}
							}
						},
						"url": {
							"raw": "{{url-customer}}/customer",
							"host": [
								"{{url-customer}}"
							],
							"path": [
								"customer"
							]
						}
					},
					"status": "OK",
					"code": 200,
					"_postman_previewlanguage": "json",
					"header": [],
					"cookie": [],
					"body": "{\n    \"statusCode\": \"10000\",\n    \"message\": \"Success\",\n    \"data\": {\n        \"message\": \"Success\"\n    }\n}"
				}
			]
		},
		{
			"name": "New Request",
			"request": {
				"auth": {
					"type": "bearer",
					"bearer": [
						{
							"key": "token",
							"value": "{{token}}",
							"type": "string"
						}
					]
				},
				"method": "POST",
				"header": [],
				"body": {
					"mode": "raw",
					"raw": "{\r\n    \"Email\":\"abdo@gmail.com\"\r\n}",
					"options": {
						"raw": {
							"language": "json"
						}
					}
				},
				"url": {
					"raw": "{{url-customer}}/customer/update/submit",
					"host": [
						"{{url-customer}}"
					],
					"path": [
						"customer",
						"update",
						"submit"
					]
				}
			},
			"response": []
		}
	],
	"variable": [
		{
			"key": "url-customer",
			"value": "localhost:3018"
		}
	]
}