{
	"id": "cc73e414-3483-46ed-a774-041f6d924c69",
	"name": "Graphql-local",
	"values": [
		{
			"key": "url",
			"value": "localhost:4000",
			"enabled": true
		},
		{
			"key": "jwt",
			"value": "",
			"enabled": true
		},
		{
			"key": "user",
			"value": "",
			"enabled": true
		},
		{
			"key": "password",
			"value": "",
			"enabled": true
		}
	],
	"_postman_variable_scope": "environment",
	"_postman_exported_at": "2021-06-24T12:44:44.393Z",
	"_postman_exported_using": "Postman/8.4.0"
}