{
	"info": {
		"_postman_id": "1fbe036c-a199-4d29-88b8-4d820744f438",
		"name": "AAIB - Beneficiary",
		"schema": "https://schema.getpostman.com/json/collection/v2.1.0/collection.json"
	},
	"item": [
		{
			"name": "Get user beneficiaries",
			"event": [
				{
					"listen": "test",
					"script": {
						"exec": [
							""
						],
						"type": "text/javascript"
					}
				}
			],
			"protocolProfileBehavior": {
				"disableBodyPruning": true
			},
			"request": {
				"auth": {
					"type": "bearer",
					"bearer": [
						{
							"key": "token",
							"value": "{{token}}",
							"type": "string"
						}
					]
				},
				"method": "GET",
				"header": [
					{
						"key": "Accept-Language",
						"value": "en",
						"type": "text"
					}
				],
				"body": {
					"mode": "raw",
					"raw": "",
					"options": {
						"raw": {
							"language": "json"
						}
					}
				},
				"url": {
					"raw": "{{url-beneficiary}}/beneficiary",
					"host": [
						"{{url-beneficiary}}"
					],
					"path": [
						"beneficiary"
					]
				}
			},
			"response": [
				{
					"name": "Get user beneficiaries",
					"originalRequest": {
						"method": "GET",
						"header": [
							{
								"key": "Authorization",
								"value": "Bearer {{token}}",
								"type": "text"
							},
							{
								"key": "Accept-Language",
								"value": "en",
								"type": "text"
							}
						],
						"url": {
							"raw": "{{url-beneficiary}}/beneficiary",
							"host": [
								"{{url-beneficiary}}"
							],
							"path": [
								"beneficiary"
							]
						}
					},
					"status": "OK",
					"code": 200,
					"_postman_previewlanguage": "json",
					"header": [],
					"cookie": [],
					"body": "{\n    \"statusCode\": \"10000\",\n    \"message\": \"Success\",\n    \"data\": [\n        {\n            \"_id\": \"612dee11549c717d90a7bc5e\",\n            \"name\": \"MVP Test 15\",\n            \"nickName\": \"Test 15\",\n            \"iban\": \"LB62099900000001001901229114\",\n            \"country\": \"Lebanon\",\n            \"bank\": \"BLF\",\n            \"swift\": \"ALCVLBBE\",\n            \"relationship\": \"Brother\",\n            \"currency\": \"USD\",\n            \"address\": \"Zahle - Bekaa - Lebanon\",\n            \"cif\": \"10014495\",\n            \"createdAt\": \"2021-08-31T08:53:37.112Z\",\n            \"updatedAt\": \"2021-08-31T08:53:37.112Z\",\n            \"__v\": 0\n        }\n    ]\n}"
				}
			]
		},
		{
			"name": "Add new beneficiary",
			"event": [
				{
					"listen": "test",
					"script": {
						"exec": [
							""
						],
						"type": "text/javascript"
					}
				}
			],
			"request": {
				"auth": {
					"type": "bearer",
					"bearer": [
						{
							"key": "token",
							"value": "{{token}}",
							"type": "string"
						}
					]
				},
				"method": "POST",
				"header": [],
				"body": {
					"mode": "raw",
					"raw": "{\r\n    \"name\": \"MVP Test 15\",\r\n    \"nickName\": \"Test 15\",\r\n    \"iban\": \"LB62099900000001001901229114\",\r\n    \"country\": \"Lebanon\",\r\n    \"bank\": \"BLF\",\r\n    \"swift\": \"ALCVLBBE\",\r\n    \"relationship\": \"Brother\",\r\n    \"currency\": \"USD\",\r\n    \"address\": \"Zahle - Bekaa - Lebanon\"\r\n}",
					"options": {
						"raw": {
							"language": "json"
						}
					}
				},
				"url": {
					"raw": "{{url-beneficiary}}/beneficiary",
					"host": [
						"{{url-beneficiary}}"
					],
					"path": [
						"beneficiary"
					]
				}
			},
			"response": [
				{
					"name": "Add new beneficiary",
					"originalRequest": {
						"method": "POST",
						"header": [
							{
								"key": "Authorization",
								"value": "Bearer {{token}}",
								"type": "text"
							},
							{
								"key": "Accept-Language",
								"value": "en",
								"type": "text"
							}
						],
						"body": {
							"mode": "raw",
							"raw": "{\r\n    \"name\": \"MVP Test 15\",\r\n    \"nickName\": \"Test 15\",\r\n    \"iban\": \"LB62099900000001001901229114\",\r\n    \"country\": \"Lebanon\",\r\n    \"bank\": \"BLF\",\r\n    \"swift\": \"ALCVLBBE\",\r\n    \"relationship\": \"Brother\",\r\n    \"currency\": \"USD\",\r\n    \"address\": \"Zahle - Bekaa - Lebanon\"\r\n}",
							"options": {
								"raw": {
									"language": "json"
								}
							}
						},
						"url": {
							"raw": "{{url-beneficiary}}/beneficiary",
							"host": [
								"{{url-beneficiary}}"
							],
							"path": [
								"beneficiary"
							]
						}
					},
					"status": "OK",
					"code": 200,
					"_postman_previewlanguage": "json",
					"header": [],
					"cookie": [],
					"body": "{\n    \"statusCode\": \"10000\",\n    \"message\": \"Success\",\n    \"data\": {\n        \"message\": \"Success\"\n    }\n}"
				}
			]
		},
		{
			"name": "Update user beneficiaries",
			"event": [
				{
					"listen": "test",
					"script": {
						"exec": [
							""
						],
						"type": "text/javascript"
					}
				}
			],
			"request": {
				"auth": {
					"type": "bearer",
					"bearer": [
						{
							"key": "token",
							"value": "{{token}}",
							"type": "string"
						}
					]
				},
				"method": "PUT",
				"header": [],
				"body": {
					"mode": "raw",
					"raw": "{\r\n    \"name\": \"Charles Kassouf 2\",\r\n    \"nickName\": \"CK\",\r\n    \"accountNumber\": \"123\",\r\n    \"iban\": \"LB62099900000001001901229114\",\r\n    \"country\": \"Lebanon\",\r\n    \"bank\": \"BLF\",\r\n    \"swift\": \"ALCVLBBE\",\r\n    \"relationship\": \"Brother\",\r\n    \"currency\": \"USD\",\r\n    \"address\": \"Zahle - Bekaa - Lebanon\"\r\n}",
					"options": {
						"raw": {
							"language": "json"
						}
					}
				},
				"url": {
					"raw": "{{url-beneficiary}}/beneficiary/612dee11549c717d90a7bc5e",
					"host": [
						"{{url-beneficiary}}"
					],
					"path": [
						"beneficiary",
						"612dee11549c717d90a7bc5e"
					]
				}
			},
			"response": [
				{
					"name": "Update user beneficiaries",
					"originalRequest": {
						"method": "PUT",
						"header": [
							{
								"key": "Authorization",
								"value": "Bearer {{token}}",
								"type": "text"
							},
							{
								"key": "Accept-Language",
								"value": "en",
								"type": "text"
							}
						],
						"body": {
							"mode": "raw",
							"raw": "{\r\n    \"name\": \"Charles Kassouf 2\",\r\n    \"nickName\": \"CK\",\r\n    \"accountNumber\": \"123\",\r\n    \"iban\": \"LB62099900000001001901229114\",\r\n    \"country\": \"Lebanon\",\r\n    \"bank\": \"BLF\",\r\n    \"swift\": \"ALCVLBBE\",\r\n    \"relationship\": \"Brother\",\r\n    \"currency\": \"USD\",\r\n    \"address\": \"Zahle - Bekaa - Lebanon\"\r\n}",
							"options": {
								"raw": {
									"language": "json"
								}
							}
						},
						"url": {
							"raw": "{{url-beneficiary}}/beneficiary/612dee11549c717d90a7bc5e",
							"host": [
								"{{url-beneficiary}}"
							],
							"path": [
								"beneficiary",
								"612dee11549c717d90a7bc5e"
							]
						}
					},
					"status": "OK",
					"code": 200,
					"_postman_previewlanguage": "json",
					"header": [],
					"cookie": [],
					"body": "{\n    \"statusCode\": \"10000\",\n    \"message\": \"Success\",\n    \"data\": {\n        \"message\": \"Success\"\n    }\n}"
				}
			]
		},
		{
			"name": "Delete user beneficiaries",
			"event": [
				{
					"listen": "test",
					"script": {
						"exec": [
							""
						],
						"type": "text/javascript"
					}
				}
			],
			"request": {
				"auth": {
					"type": "bearer",
					"bearer": [
						{
							"key": "token",
							"value": "{{token}}",
							"type": "string"
						}
					]
				},
				"method": "DELETE",
				"header": [],
				"body": {
					"mode": "raw",
					"raw": "",
					"options": {
						"raw": {
							"language": "json"
						}
					}
				},
				"url": {
					"raw": "{{url-beneficiary}}/beneficiary/60f00e285f65b92f684fdc3e",
					"host": [
						"{{url-beneficiary}}"
					],
					"path": [
						"beneficiary",
						"60f00e285f65b92f684fdc3e"
					]
				}
			},
			"response": [
				{
					"name": "Delete user beneficiaries",
					"originalRequest": {
						"method": "DELETE",
						"header": [
							{
								"key": "Authorization",
								"value": "Bearer {{token}}",
								"type": "text"
							},
							{
								"key": "Accept-Language",
								"value": "en",
								"type": "text"
							}
						],
						"body": {
							"mode": "raw",
							"raw": "",
							"options": {
								"raw": {
									"language": "json"
								}
							}
						},
						"url": {
							"raw": "{{url-beneficiary}}/beneficiary/60f00e285f65b92f684fdc3e",
							"host": [
								"{{url-beneficiary}}"
							],
							"path": [
								"beneficiary",
								"60f00e285f65b92f684fdc3e"
							]
						}
					},
					"status": "OK",
					"code": 200,
					"_postman_previewlanguage": "json",
					"header": [],
					"cookie": [],
					"body": "{\n    \"statusCode\": \"10000\",\n    \"message\": \"Success\",\n    \"data\": {\n        \"message\": \"Success\"\n    }\n}"
				}
			]
		},
		{
			"name": "Get list of countries",
			"event": [
				{
					"listen": "test",
					"script": {
						"exec": [
							""
						],
						"type": "text/javascript"
					}
				}
			],
			"protocolProfileBehavior": {
				"disableBodyPruning": true
			},
			"request": {
				"auth": {
					"type": "bearer",
					"bearer": [
						{
							"key": "token",
							"value": "{{token}}",
							"type": "string"
						}
					]
				},
				"method": "GET",
				"header": [
					{
						"key": "Accept-Language",
						"value": "en",
						"type": "text"
					}
				],
				"body": {
					"mode": "raw",
					"raw": "",
					"options": {
						"raw": {
							"language": "json"
						}
					}
				},
				"url": {
					"raw": "{{url-beneficiary}}/beneficiary/countries",
					"host": [
						"{{url-beneficiary}}"
					],
					"path": [
						"beneficiary",
						"countries"
					]
				}
			},
			"response": [
				{
					"name": "Get list of countries",
					"originalRequest": {
						"method": "GET",
						"header": [
							{
								"key": "Authorization",
								"value": "Bearer {{token}}",
								"type": "text"
							},
							{
								"key": "Accept-Language",
								"value": "en",
								"type": "text"
							}
						],
						"url": {
							"raw": "{{url-beneficiary}}/beneficiary/countries",
							"host": [
								"{{url-beneficiary}}"
							],
							"path": [
								"beneficiary",
								"countries"
							]
						}
					},
					"status": "OK",
					"code": 200,
					"_postman_previewlanguage": "json",
					"header": [],
					"cookie": [],
					"body": "{\n    \"statusCode\": \"10000\",\n    \"message\": \"Success\",\n    \"data\": {\n        \"countries\": [\n            {\n                \"name\": \"Egypt\",\n                \"code\": \"EG\"\n            }\n        ]\n    }\n}"
				}
			]
		},
		{
			"name": "Get list of banks",
			"event": [
				{
					"listen": "test",
					"script": {
						"exec": [
							""
						],
						"type": "text/javascript"
					}
				}
			],
			"protocolProfileBehavior": {
				"disableBodyPruning": true
			},
			"request": {
				"auth": {
					"type": "bearer",
					"bearer": [
						{
							"key": "token",
							"value": "{{token}}",
							"type": "string"
						}
					]
				},
				"method": "GET",
				"header": [
					{
						"key": "Accept-Language",
						"value": "en",
						"type": "text"
					}
				],
				"body": {
					"mode": "raw",
					"raw": "",
					"options": {
						"raw": {
							"language": "json"
						}
					}
				},
				"url": {
					"raw": "{{url-beneficiary}}/beneficiary/banks/EG",
					"host": [
						"{{url-beneficiary}}"
					],
					"path": [
						"beneficiary",
						"banks",
						"EG"
					]
				}
			},
			"response": [
				{
					"name": "Get list of banks",
					"originalRequest": {
						"method": "GET",
						"header": [
							{
								"key": "Authorization",
								"value": "Bearer {{token}}",
								"type": "text"
							},
							{
								"key": "Accept-Language",
								"value": "en",
								"type": "text"
							}
						],
						"url": {
							"raw": "{{url-beneficiary}}/beneficiary/banks/EG",
							"host": [
								"{{url-beneficiary}}"
							],
							"path": [
								"beneficiary",
								"banks",
								"EG"
							]
						}
					},
					"status": "OK",
					"code": 200,
					"_postman_previewlanguage": "json",
					"header": [],
					"cookie": [],
					"body": "{\n    \"statusCode\": \"10000\",\n    \"message\": \"Success\",\n    \"data\": {\n        \"banks\": [\n            {\n                \"_id\": \"6109408ef0eb981dc43759b2\",\n                \"name\": \"ABU DHABI COMMERCIAL BANK\",\n                \"swift\": \"UNBEEGCXXXX\",\n                \"__v\": 0\n            },\n            {\n                \"_id\": \"6109408ef0eb981dc43759b4\",\n                \"name\": \"Abu Dhabi Islamic Bank Egypt\",\n                \"swift\": \"ABDIEGCAXXX\",\n                \"__v\": 0\n            },\n            {\n                \"_id\": \"6109408ef0eb981dc43759b6\",\n                \"name\": \"Agricultural Bank of Egypt\",\n                \"swift\": \"BDACEGCAXXX\",\n                \"__v\": 0\n            },\n            {\n                \"_id\": \"6109408ff0eb981dc43759b8\",\n                \"name\": \"Ahly United Bank\",\n                \"swift\": \"DEIBEGCXXXX\",\n                \"__v\": 0\n            },\n            {\n                \"_id\": \"6109408ff0eb981dc43759ba\",\n                \"name\": \"Al Ahli Bank of Kuwait â€“ Egypt \",\n                \"swift\": \"ECBAEGCAXXX\",\n                \"__v\": 0\n            },\n            {\n                \"_id\": \"6109408ff0eb981dc43759bc\",\n                \"name\": \"Al Baraka Bank Egypt\",\n                \"swift\": \"ABRKEGCAXXX\",\n                \"__v\": 0\n            },\n            {\n                \"_id\": \"6109408ff0eb981dc43759be\",\n                \"name\": \"Arab African International Bank\",\n                \"swift\": \"ARAIEGCXXXX\",\n                \"__v\": 0\n            },\n            {\n                \"_id\": \"6109408ff0eb981dc43759c0\",\n                \"name\": \"Arab Bank \",\n                \"swift\": \"ARABEGCXXXX\",\n                \"__v\": 0\n            },\n            {\n                \"_id\": \"61094090f0eb981dc43759c2\",\n                \"name\": \"Arab Banking Corporation\",\n                \"swift\": \"EAABEGCXXXX\",\n                \"__v\": 0\n            },\n            {\n                \"_id\": \"61094090f0eb981dc43759c4\",\n                \"name\": \"Arab International Bank\",\n                \"swift\": \"ARIBEGCXXXX\",\n                \"__v\": 0\n            },\n            {\n                \"_id\": \"61094090f0eb981dc43759c6\",\n                \"name\": \"Arab Investment Bank\",\n                \"swift\": \"AINBEGCAXXX\",\n                \"__v\": 0\n            },\n            {\n                \"_id\": \"61094090f0eb981dc43759c8\",\n                \"name\": \"Attijariwafa Bank Egypt\",\n                \"swift\": \"BCBIEGCXXXX\",\n                \"__v\": 0\n            },\n            {\n                \"_id\": \"61094090f0eb981dc43759ca\",\n                \"name\": \"Audi Bank\",\n                \"swift\": \"AUDBEGCAXXX\",\n                \"__v\": 0\n            },\n            {\n                \"_id\": \"61094090f0eb981dc43759cc\",\n                \"name\": \"Bank of Alexandria\",\n                \"swift\": \"ALEXEGCXXXX\",\n                \"__v\": 0\n            },\n            {\n                \"_id\": \"61094091f0eb981dc43759ce\",\n                \"name\": \"Banque Du Caire\",\n                \"swift\": \"BCAIEGCXXXX\",\n                \"__v\": 0\n            },\n            {\n                \"_id\": \"61094091f0eb981dc43759d0\",\n                \"name\": \"Banque Misr\",\n                \"swift\": \"BMISEGCXXXX\",\n                \"__v\": 0\n            },\n            {\n                \"_id\": \"61094091f0eb981dc43759d2\",\n                \"name\": \"Blom Bank Egypt\",\n                \"swift\": \"MRBAEGCXXXX\",\n                \"__v\": 0\n            },\n            {\n                \"_id\": \"61094091f0eb981dc43759d4\",\n                \"name\": \"Central Bank of Egypt\",\n                \"swift\": \"CBEGEGCXXXX\",\n                \"__v\": 0\n            },\n            {\n                \"_id\": \"61094091f0eb981dc43759d6\",\n                \"name\": \"Citibank\",\n                \"swift\": \"CITIEGCXXXX\",\n                \"__v\": 0\n            },\n            {\n                \"_id\": \"61094092f0eb981dc43759d8\",\n                \"name\": \"Commercial International Bank \",\n                \"swift\": \"CIBEEGCXXXX\",\n                \"__v\": 0\n            },\n            {\n                \"_id\": \"61094092f0eb981dc43759da\",\n                \"name\": \"Credit Agricole Egypt\",\n                \"swift\": \"AGRIEGCXXXX\",\n                \"__v\": 0\n            },\n            {\n                \"_id\": \"61094092f0eb981dc43759dc\",\n                \"name\": \"Egyptian Arab Land Bank\",\n                \"swift\": \"ARLBEGCAXXX\",\n                \"__v\": 0\n            },\n            {\n                \"_id\": \"61094092f0eb981dc43759de\",\n                \"name\": \"Egyptian Gulf Bank\",\n                \"swift\": \"EGGBEGCAXXX\",\n                \"__v\": 0\n            },\n            {\n                \"_id\": \"61094092f0eb981dc43759e0\",\n                \"name\": \"Emirates National Bank of Dubai\",\n                \"swift\": \"EBILEGCXXXX\",\n                \"__v\": 0\n            },\n            {\n                \"_id\": \"61094093f0eb981dc43759e2\",\n                \"name\": \"Export Development Bank of Egypt\",\n                \"swift\": \"EXDEEGCXXXX\",\n                \"__v\": 0\n            },\n            {\n                \"_id\": \"61094093f0eb981dc43759e4\",\n                \"name\": \"Faisal Islamic Bank of Egypt\",\n                \"swift\": \"FIEGEGCXXXX\",\n                \"__v\": 0\n            },\n            {\n                \"_id\": \"61094093f0eb981dc43759e6\",\n                \"name\": \"First Abu Dhabi Bank\",\n                \"swift\": \"NBADEGCAXXX\",\n                \"__v\": 0\n            },\n            {\n                \"_id\": \"61094093f0eb981dc43759ea\",\n                \"name\": \"HSBC\",\n                \"swift\": \"EBBKEGCXXXX\",\n                \"__v\": 0\n            },\n            {\n                \"_id\": \"61094093f0eb981dc43759e8\",\n                \"name\": \"Housing And Development Bank\",\n                \"swift\": \"HDBKEGCAXXX\",\n                \"__v\": 0\n            },\n            {\n                \"_id\": \"61094094f0eb981dc43759ec\",\n                \"name\": \"Industrial Development Bank of Egypt\",\n                \"swift\": \"DIBBEGCAXXX\",\n                \"__v\": 0\n            },\n            {\n                \"_id\": \"61094094f0eb981dc43759f0\",\n                \"name\": \"MID Bank\",\n                \"swift\": \"MIDBEGCXXXX\",\n                \"__v\": 0\n            },\n            {\n                \"_id\": \"61094094f0eb981dc43759ee\",\n                \"name\": \"Mashreq Bank\",\n                \"swift\": \"MSHQEGCAXXX\",\n                \"__v\": 0\n            },\n            {\n                \"_id\": \"61094094f0eb981dc43759f2\",\n                \"name\": \"NASSER SOCIAL BANK\",\n                \"swift\": \"NSOBEGC1XXX\",\n                \"__v\": 0\n            },\n            {\n                \"_id\": \"61094095f0eb981dc43759fa\",\n                \"name\": \"NATIONAL INVESTMENT BANK\",\n                \"swift\": \"NINBEGCAXXX\",\n                \"__v\": 0\n            },\n            {\n                \"_id\": \"61094094f0eb981dc43759f4\",\n                \"name\": \"National Bank of Egypt\",\n                \"swift\": \"NBEGEGCXXXX\",\n                \"__v\": 0\n            },\n            {\n                \"_id\": \"61094095f0eb981dc43759f6\",\n                \"name\": \"National Bank of Greece\",\n                \"swift\": \"ETHNEGCAXXX\",\n                \"__v\": 0\n            },\n            {\n                \"_id\": \"61094095f0eb981dc43759f8\",\n                \"name\": \"National Bank of Kuwait\",\n                \"swift\": \"WABAEGCXXXX\",\n                \"__v\": 0\n            },\n            {\n                \"_id\": \"61094095f0eb981dc43759fc\",\n                \"name\": \"Qatar National Bank Alahli\",\n                \"swift\": \"QNBAEGCXXXX\",\n                \"__v\": 0\n            },\n            {\n                \"_id\": \"61094095f0eb981dc43759fe\",\n                \"name\": \"Societe Arabe Internationale De Banque\",\n                \"swift\": \"SBNKEGCXXXX\",\n                \"__v\": 0\n            },\n            {\n                \"_id\": \"61094095f0eb981dc4375a00\",\n                \"name\": \"Suez Canal Bank\",\n                \"swift\": \"SUCAEGCXXXX\",\n                \"__v\": 0\n            },\n            {\n                \"_id\": \"61094096f0eb981dc4375a02\",\n                \"name\": \"The United Bank\",\n                \"swift\": \"UBOEEGCXXXX\",\n                \"__v\": 0\n            }\n        ]\n    }\n}"
				}
			]
		},
		{
			"name": "Get list of currencies",
			"event": [
				{
					"listen": "test",
					"script": {
						"exec": [
							""
						],
						"type": "text/javascript"
					}
				}
			],
			"protocolProfileBehavior": {
				"disableBodyPruning": true
			},
			"request": {
				"auth": {
					"type": "bearer",
					"bearer": [
						{
							"key": "token",
							"value": "{{token}}",
							"type": "string"
						}
					]
				},
				"method": "GET",
				"header": [],
				"body": {
					"mode": "raw",
					"raw": "",
					"options": {
						"raw": {
							"language": "json"
						}
					}
				},
				"url": {
					"raw": "{{url-beneficiary}}/beneficiary/currency",
					"host": [
						"{{url-beneficiary}}"
					],
					"path": [
						"beneficiary",
						"currency"
					]
				}
			},
			"response": [
				{
					"name": "Validate Iban",
					"originalRequest": {
						"method": "GET",
						"header": [
							{
								"key": "Authorization",
								"value": "Bearer {{token}}",
								"type": "text"
							},
							{
								"key": "Accept-Language",
								"value": "en",
								"type": "text"
							}
						],
						"url": {
							"raw": "{{url-beneficiary}}/beneficiary/currency",
							"host": [
								"{{url-beneficiary}}"
							],
							"path": [
								"beneficiary",
								"currency"
							]
						}
					},
					"status": "OK",
					"code": 200,
					"_postman_previewlanguage": "json",
					"header": [],
					"cookie": [],
					"body": "{\n    \"statusCode\": \"10000\",\n    \"message\": \"Success\",\n    \"data\": [\n        {\n            \"ID\": \"AED\",\n            \"Code\": \"\",\n            \"EnglishName\": \"United Arab Emirates Dirhams\",\n            \"ArabicName\": \"\",\n            \"Value\": \"\"\n        },\n        {\n            \"ID\": \"ARS\",\n            \"Code\": \"\",\n            \"EnglishName\": \"Argentine Peso\",\n            \"ArabicName\": \"\",\n            \"Value\": \"\"\n        },\n        {\n            \"ID\": \"ATS\",\n            \"Code\": \"\",\n            \"EnglishName\": \"AUSTRIAN SCHILLING\",\n            \"ArabicName\": \"\",\n            \"Value\": \"\"\n        },\n        {\n            \"ID\": \"AUD\",\n            \"Code\": \"\",\n            \"EnglishName\": \"Australian Dollars\",\n            \"ArabicName\": \"\",\n            \"Value\": \"\"\n        },\n        {\n            \"ID\": \"BEF\",\n            \"Code\": \"\",\n            \"EnglishName\": \"BELGIAN FRANC\",\n            \"ArabicName\": \"\",\n            \"Value\": \"\"\n        },\n        {\n            \"ID\": \"BHD\",\n            \"Code\": \"\",\n            \"EnglishName\": \"BAHRAIAN DINAR\",\n            \"ArabicName\": \"\",\n            \"Value\": \"\"\n        },\n        {\n            \"ID\": \"CAD\",\n            \"Code\": \"\",\n            \"EnglishName\": \"Canadian Dollar\",\n            \"ArabicName\": \"\",\n            \"Value\": \"\"\n        },\n        {\n            \"ID\": \"CHF\",\n            \"Code\": \"\",\n            \"EnglishName\": \"Swiss Franc\",\n            \"ArabicName\": \"\",\n            \"Value\": \"\"\n        },\n        {\n            \"ID\": \"CNY\",\n            \"Code\": \"\",\n            \"EnglishName\": \"YUAN RENMINBI\",\n            \"ArabicName\": \"\",\n            \"Value\": \"\"\n        },\n        {\n            \"ID\": \"CYP\",\n            \"Code\": \"\",\n            \"EnglishName\": \"CYPRUS POUND\",\n            \"ArabicName\": \"\",\n            \"Value\": \"\"\n        },\n        {\n            \"ID\": \"DKK\",\n            \"Code\": \"\",\n            \"EnglishName\": \"Danish Krone\",\n            \"ArabicName\": \"\",\n            \"Value\": \"\"\n        },\n        {\n            \"ID\": \"EGP\",\n            \"Code\": \"\",\n            \"EnglishName\": \"EGYPTIAN POUND\",\n            \"ArabicName\": \"\",\n            \"Value\": \"\"\n        },\n        {\n            \"ID\": \"ESP\",\n            \"Code\": \"\",\n            \"EnglishName\": \"SPANISH PISETA\",\n            \"ArabicName\": \"\",\n            \"Value\": \"\"\n        },\n        {\n            \"ID\": \"EUR\",\n            \"Code\": \"\",\n            \"EnglishName\": \"Euro\",\n            \"ArabicName\": \"\",\n            \"Value\": \"\"\n        },\n        {\n            \"ID\": \"FIM\",\n            \"Code\": \"\",\n            \"EnglishName\": \"FINLAND MARK\",\n            \"ArabicName\": \"\",\n            \"Value\": \"\"\n        },\n        {\n            \"ID\": \"GBP\",\n            \"Code\": \"\",\n            \"EnglishName\": \"Pound Sterling\",\n            \"ArabicName\": \"\",\n            \"Value\": \"\"\n        },\n        {\n            \"ID\": \"GRD\",\n            \"Code\": \"\",\n            \"EnglishName\": \"GREEK DRACHMA\",\n            \"ArabicName\": \"\",\n            \"Value\": \"\"\n        },\n        {\n            \"ID\": \"HKD\",\n            \"Code\": \"\",\n            \"EnglishName\": \"Hong Kong Dollar\",\n            \"ArabicName\": \"\",\n            \"Value\": \"\"\n        },\n        {\n            \"ID\": \"INR\",\n            \"Code\": \"\",\n            \"EnglishName\": \"Indian Rupee\",\n            \"ArabicName\": \"\",\n            \"Value\": \"\"\n        },\n        {\n            \"ID\": \"IQD\",\n            \"Code\": \"\",\n            \"EnglishName\": \"IRAQI DINAR\",\n            \"ArabicName\": \"\",\n            \"Value\": \"\"\n        },\n        {\n            \"ID\": \"JOD\",\n            \"Code\": \"\",\n            \"EnglishName\": \"JODRDANIAN DINAR\",\n            \"ArabicName\": \"\",\n            \"Value\": \"\"\n        },\n        {\n            \"ID\": \"JPY\",\n            \"Code\": \"\",\n            \"EnglishName\": \"Japanese Yen\",\n            \"ArabicName\": \"\",\n            \"Value\": \"\"\n        },\n        {\n            \"ID\": \"KWD\",\n            \"Code\": \"\",\n            \"EnglishName\": \"Kuwait Dinars\",\n            \"ArabicName\": \"\",\n            \"Value\": \"\"\n        },\n        {\n            \"ID\": \"LBP\",\n            \"Code\": \"\",\n            \"EnglishName\": \"Lebanese Pounds\",\n            \"ArabicName\": \"\",\n            \"Value\": \"\"\n        },\n        {\n            \"ID\": \"LKR\",\n            \"Code\": \"\",\n            \"EnglishName\": \"Sri Lankan Rupee\",\n            \"ArabicName\": \"\",\n            \"Value\": \"\"\n        },\n        {\n            \"ID\": \"LYD\",\n            \"Code\": \"\",\n            \"EnglishName\": \"LIBYAN DINAR\",\n            \"ArabicName\": \"\",\n            \"Value\": \"\"\n        },\n        {\n            \"ID\": \"MRO\",\n            \"Code\": \"\",\n            \"EnglishName\": \"MAURITANUAN OUGUIYA\",\n            \"ArabicName\": \"\",\n            \"Value\": \"\"\n        },\n        {\n            \"ID\": \"NOK\",\n            \"Code\": \"\",\n            \"EnglishName\": \"NORWEGIAN KRONER\",\n            \"ArabicName\": \"\",\n            \"Value\": \"\"\n        },\n        {\n            \"ID\": \"NPR\",\n            \"Code\": \"\",\n            \"EnglishName\": \"Nepali Rupee\",\n            \"ArabicName\": \"\",\n            \"Value\": \"\"\n        },\n        {\n            \"ID\": \"NZD\",\n            \"Code\": \"\",\n            \"EnglishName\": \"New Zealand Dollars\",\n            \"ArabicName\": \"\",\n            \"Value\": \"\"\n        },\n        {\n            \"ID\": \"OMR\",\n            \"Code\": \"\",\n            \"EnglishName\": \"OMANI RIYAL\",\n            \"ArabicName\": \"\",\n            \"Value\": \"\"\n        },\n        {\n            \"ID\": \"PHP\",\n            \"Code\": \"\",\n            \"EnglishName\": \"Philippines Pesos\",\n            \"ArabicName\": \"\",\n            \"Value\": \"\"\n        },\n        {\n            \"ID\": \"PLN\",\n            \"Code\": \"\",\n            \"EnglishName\": \"Polish Zloty\",\n            \"ArabicName\": \"\",\n            \"Value\": \"\"\n        },\n        {\n            \"ID\": \"PTE\",\n            \"Code\": \"\",\n            \"EnglishName\": \"PORTUGUESE ESCUDO\",\n            \"ArabicName\": \"\",\n            \"Value\": \"\"\n        },\n        {\n            \"ID\": \"QAR\",\n            \"Code\": \"\",\n            \"EnglishName\": \"QATARI RIYAL\",\n            \"ArabicName\": \"\",\n            \"Value\": \"\"\n        },\n        {\n            \"ID\": \"SAR\",\n            \"Code\": \"\",\n            \"EnglishName\": \"Saudi Arabia Riyals\",\n            \"ArabicName\": \"\",\n            \"Value\": \"\"\n        },\n        {\n            \"ID\": \"SEK\",\n            \"Code\": \"\",\n            \"EnglishName\": \"Swedish Krone\",\n            \"ArabicName\": \"\",\n            \"Value\": \"\"\n        },\n        {\n            \"ID\": \"SGD\",\n            \"Code\": \"\",\n            \"EnglishName\": \"Singapore Dollars\",\n            \"ArabicName\": \"\",\n            \"Value\": \"\"\n        },\n        {\n            \"ID\": \"THB\",\n            \"Code\": \"\",\n            \"EnglishName\": \"Thailand Baht\",\n            \"ArabicName\": \"\",\n            \"Value\": \"\"\n        },\n        {\n            \"ID\": \"TND\",\n            \"Code\": \"\",\n            \"EnglishName\": \"TUNISIAN DINAR\",\n            \"ArabicName\": \"\",\n            \"Value\": \"\"\n        },\n        {\n            \"ID\": \"TWD\",\n            \"Code\": \"\",\n            \"EnglishName\": \"Taiwan New Dollars\",\n            \"ArabicName\": \"\",\n            \"Value\": \"\"\n        },\n        {\n            \"ID\": \"USD\",\n            \"Code\": \"\",\n            \"EnglishName\": \"US Dollar\",\n            \"ArabicName\": \"\",\n            \"Value\": \"\"\n        },\n        {\n            \"ID\": \"XAG\",\n            \"Code\": \"\",\n            \"EnglishName\": \"SILVER in Ounces\",\n            \"ArabicName\": \"\",\n            \"Value\": \"\"\n        },\n        {\n            \"ID\": \"XAU\",\n            \"Code\": \"\",\n            \"EnglishName\": \"Gold in Ounces\",\n            \"ArabicName\": \"\",\n            \"Value\": \"\"\n        },\n        {\n            \"ID\": \"ZAR\",\n            \"Code\": \"\",\n            \"EnglishName\": \"South African Rand\",\n            \"ArabicName\": \"\",\n            \"Value\": \"\"\n        }\n    ]\n}"
				}
			]
		},
		{
			"name": "Validate Iban",
			"event": [
				{
					"listen": "test",
					"script": {
						"exec": [
							""
						],
						"type": "text/javascript"
					}
				}
			],
			"protocolProfileBehavior": {
				"disableBodyPruning": true
			},
			"request": {
				"auth": {
					"type": "bearer",
					"bearer": [
						{
							"key": "token",
							"value": "{{token}}",
							"type": "string"
						}
					]
				},
				"method": "GET",
				"header": [],
				"body": {
					"mode": "raw",
					"raw": "",
					"options": {
						"raw": {
							"language": "json"
						}
					}
				},
				"url": {
					"raw": "{{url-beneficiary}}/beneficiary/iban/{iban}",
					"host": [
						"{{url-beneficiary}}"
					],
					"path": [
						"beneficiary",
						"iban",
						"{iban}"
					]
				}
			},
			"response": [
				{
					"name": "Get list of currencies",
					"originalRequest": {
						"method": "GET",
						"header": [
							{
								"key": "Authorization",
								"value": "Bearer {{token}}",
								"type": "text"
							},
							{
								"key": "Accept-Language",
								"value": "en",
								"type": "text"
							}
						],
						"url": {
							"raw": "{{url-beneficiary}}/beneficiary/iban/LB62099900000001001901229114",
							"host": [
								"{{url-beneficiary}}"
							],
							"path": [
								"beneficiary",
								"iban",
								"LB62099900000001001901229114"
							]
						}
					},
					"status": "OK",
					"code": 200,
					"_postman_previewlanguage": "json",
					"header": [],
					"cookie": [],
					"body": "{\n    \"statusCode\": \"10000\",\n    \"message\": \"Success\",\n    \"data\": {\n        \"info\": {\n            \"country\": \"Lebanon\",\n            \"code\": \"LB\",\n            \"swift\": \"BDLCLBBXXXX\",\n            \"bank\": \"BANQUE DU LIBAN\",\n            \"branch\": null\n        }\n    }\n}"
				}
			]
		},
		{
			"name": "Get list of relations",
			"event": [
				{
					"listen": "test",
					"script": {
						"exec": [
							""
						],
						"type": "text/javascript"
					}
				}
			],
			"protocolProfileBehavior": {
				"disableBodyPruning": true
			},
			"request": {
				"auth": {
					"type": "bearer",
					"bearer": [
						{
							"key": "token",
							"value": "{{token}}",
							"type": "string"
						}
					]
				},
				"method": "GET",
				"header": [],
				"body": {
					"mode": "raw",
					"raw": "",
					"options": {
						"raw": {
							"language": "json"
						}
					}
				},
				"url": {
					"raw": "{{url-beneficiary}}/beneficiary/relationship",
					"host": [
						"{{url-beneficiary}}"
					],
					"path": [
						"beneficiary",
						"relationship"
					]
				}
			},
			"response": [
				{
					"name": "Get list of relations",
					"originalRequest": {
						"method": "GET",
						"header": [
							{
								"key": "Authorization",
								"value": "Bearer {{token}}",
								"type": "text"
							},
							{
								"key": "Accept-Language",
								"value": "en",
								"type": "text"
							}
						],
						"url": {
							"raw": "{{url-beneficiary}}/beneficiary/relationship",
							"host": [
								"{{url-beneficiary}}"
							],
							"path": [
								"beneficiary",
								"relationship"
							]
						}
					},
					"status": "OK",
					"code": 200,
					"_postman_previewlanguage": "json",
					"header": [],
					"cookie": [],
					"body": "{\n    \"statusCode\": \"10000\",\n    \"message\": \"Success\",\n    \"data\": [\n        {\n            \"name\": \"Family\"\n        }\n    ]\n}"
				}
			]
		},
		{
			"name": "Get beneficiaries",
			"event": [
				{
					"listen": "test",
					"script": {
						"exec": [
							""
						],
						"type": "text/javascript"
					}
				}
			],
			"protocolProfileBehavior": {
				"disableBodyPruning": true
			},
			"request": {
				"auth": {
					"type": "bearer",
					"bearer": [
						{
							"key": "token",
							"value": "{{token}}",
							"type": "string"
						}
					]
				},
				"method": "GET",
				"header": [],
				"body": {
					"mode": "raw",
					"raw": "",
					"options": {
						"raw": {
							"language": "json"
						}
					}
				},
				"url": {
					"raw": "{{url-beneficiary}}/beneficiary/all",
					"host": [
						"{{url-beneficiary}}"
					],
					"path": [
						"beneficiary",
						"all"
					]
				}
			},
			"response": [
				{
					"name": "Get list of relations",
					"originalRequest": {
						"method": "GET",
						"header": [
							{
								"key": "Authorization",
								"value": "Bearer {{token}}",
								"type": "text"
							},
							{
								"key": "Accept-Language",
								"value": "en",
								"type": "text"
							}
						],
						"url": {
							"raw": "{{url-beneficiary}}/beneficiary/relationship",
							"host": [
								"{{url-beneficiary}}"
							],
							"path": [
								"beneficiary",
								"relationship"
							]
						}
					},
					"status": "OK",
					"code": 200,
					"_postman_previewlanguage": "json",
					"header": [],
					"cookie": [],
					"body": "{\n    \"statusCode\": \"10000\",\n    \"message\": \"Success\",\n    \"data\": [\n        {\n            \"name\": \"Family\"\n        }\n    ]\n}"
				}
			]
		},
		{
			"name": "Get modified list of countries",
			"request": {
				"auth": {
					"type": "bearer",
					"bearer": [
						{
							"key": "token",
							"value": "{{token}}",
							"type": "string"
						}
					]
				},
				"method": "GET",
				"header": [],
				"url": {
					"raw": "{{url-beneficiary}}/beneficiary/countries/list",
					"host": [
						"{{url-beneficiary}}"
					],
					"path": [
						"beneficiary",
						"countries",
						"list"
					]
				}
			},
			"response": []
		}
	],
	"event": [
		{
			"listen": "prerequest",
			"script": {
				"type": "text/javascript",
				"exec": [
					""
				]
			}
		},
		{
			"listen": "test",
			"script": {
				"type": "text/javascript",
				"exec": [
					""
				]
			}
		}
	],
	"variable": [
		{
			"key": "url-beneficiary",
			"value": "localhost:3078",
			"type": "string"
		}
	]
}