{
	"info": {
		"_postman_id": "62217f9c-714e-4d28-9950-c4cbcd225967",
		"name": "AAIB - Fawry",
		"schema": "https://schema.getpostman.com/json/collection/v2.1.0/collection.json"
	},
	"item": [
		{
			"name": "Get categories",
			"event": [
				{
					"listen": "test",
					"script": {
						"exec": [
							""
						],
						"type": "text/javascript"
					}
				}
			],
			"protocolProfileBehavior": {
				"disableBodyPruning": true
			},
			"request": {
				"auth": {
					"type": "bearer",
					"bearer": [
						{
							"key": "token",
							"value": "{{token}}",
							"type": "string"
						}
					]
				},
				"method": "GET",
				"header": [],
				"body": {
					"mode": "raw",
					"raw": "",
					"options": {
						"raw": {
							"language": "json"
						}
					}
				},
				"url": {
					"raw": "{{url-fawry}}/fawry/categories?page=0&limit=3",
					"host": [
						"{{url-fawry}}"
					],
					"path": [
						"fawry",
						"categories"
					],
					"query": [
						{
							"key": "page",
							"value": "0"
						},
						{
							"key": "limit",
							"value": "3"
						}
					]
				}
			},
			"response": [
				{
					"name": "Get categories",
					"originalRequest": {
						"method": "GET",
						"header": [],
						"body": {
							"mode": "raw",
							"raw": "",
							"options": {
								"raw": {
									"language": "json"
								}
							}
						},
						"url": {
							"raw": "{{url-fawry}}/fawry/categories?page=0&limit=3",
							"host": [
								"{{url-fawry}}"
							],
							"path": [
								"fawry",
								"categories"
							],
							"query": [
								{
									"key": "page",
									"value": "0"
								},
								{
									"key": "limit",
									"value": "3"
								}
							]
						}
					},
					"status": "OK",
					"code": 200,
					"_postman_previewlanguage": "json",
					"header": [],
					"cookie": [],
					"body": "{\n    \"statusCode\": \"10000\",\n    \"message\": \"Success\",\n    \"data\": [\n        {\n            \"docs\": [\n                \"charity\",\n                \"Traveling\",\n                \"Phone\"\n            ],\n            \"totalDocs\": 4,\n            \"limit\": 3,\n            \"page\": 1,\n            \"totalPages\": 2,\n            \"pagingCounter\": 1,\n            \"hasPrevPage\": false,\n            \"hasNextPage\": true,\n            \"offset\": 0,\n            \"prevPage\": null,\n            \"nextPage\": 2\n        }\n    ]\n}"
				}
			]
		},
		{
			"name": "Get billers per category",
			"event": [
				{
					"listen": "test",
					"script": {
						"exec": [
							""
						],
						"type": "text/javascript"
					}
				}
			],
			"protocolProfileBehavior": {
				"disableBodyPruning": true
			},
			"request": {
				"auth": {
					"type": "bearer",
					"bearer": [
						{
							"key": "token",
							"value": "{{token}}",
							"type": "string"
						}
					]
				},
				"method": "GET",
				"header": [],
				"body": {
					"mode": "raw",
					"raw": "",
					"options": {
						"raw": {
							"language": "json"
						}
					}
				},
				"url": {
					"raw": "{{url-fawry}}/fawry/billers/Phone?limit=2&page=0&search=WE I",
					"host": [
						"{{url-fawry}}"
					],
					"path": [
						"fawry",
						"billers",
						"Phone"
					],
					"query": [
						{
							"key": "limit",
							"value": "2"
						},
						{
							"key": "page",
							"value": "0"
						},
						{
							"key": "search",
							"value": "WE I"
						}
					]
				}
			},
			"response": [
				{
					"name": "Get billers per category",
					"originalRequest": {
						"method": "GET",
						"header": [],
						"body": {
							"mode": "raw",
							"raw": "",
							"options": {
								"raw": {
									"language": "json"
								}
							}
						},
						"url": {
							"raw": "{{url-fawry}}/fawry/billers/Phone?limit=2&page=0&search=WE I",
							"host": [
								"{{url-fawry}}"
							],
							"path": [
								"fawry",
								"billers",
								"Phone"
							],
							"query": [
								{
									"key": "limit",
									"value": "2"
								},
								{
									"key": "page",
									"value": "0"
								},
								{
									"key": "search",
									"value": "WE I"
								}
							]
						}
					},
					"status": "OK",
					"code": 200,
					"_postman_previewlanguage": "json",
					"header": [],
					"cookie": [],
					"body": "{\n    \"statusCode\": \"10000\",\n    \"message\": \"Success\",\n    \"data\": [\n        {\n            \"docs\": [\n                {\n                    \"_id\": \"6175f380171202aa7fbe6555\",\n                    \"BillerId\": \"7\",\n                    \"BillerName\": \"WE Internet\",\n                    \"BillerInfo\": [\n                        {\n                            \"BillTypeCode\": 127,\n                            \"Name\": \"WE- Top-up\",\n                            \"PmtType\": \"PREP\",\n                            \"ServiceType\": \"PHN\",\n                            \"ServiceName\": \"Phone\",\n                            \"BillTypeAcctLabel\": \"Phone Number\",\n                            \"IsHidden\": false,\n                            \"BillRefType\": false,\n                            \"PaymentRules\": {\n                                \"IsInqRqr\": false,\n                                \"IsMobNtfy\": false,\n                                \"IsFracAcpt\": false,\n                                \"IsPrtAcpt\": false,\n                                \"IsOvrAcpt\": false,\n                                \"IsAdvAcpt\": false,\n                                \"IsAcptCardPmt\": false\n                            },\n                            \"Fees\": [\n                                {\n                                    \"Tier\": [\n                                        {\n                                            \"LowerAmt\": 0,\n                                            \"UpperAmt\": 0\n                                        }\n                                    ],\n                                    \"IsEmbeddedFees\": false\n                                }\n                            ],\n                            \"BillTypeStatus\": \"Available\",\n                            \"BillTypeDescription\": \"ALLOWED AMOUNTS ARE 34.2,68.4,114\",\n                            \"AllowRctRePrint\": true,\n                            \"OTPEnabled\": false,\n                            \"ValidationEnabled\": false,\n                            \"OTPRequired\": false,\n                            \"IsBAConfRequired\": false,\n                            \"IsTermsConditionReq\": false\n                        },\n                        {\n                            \"BillTypeCode\": 117,\n                            \"Name\": \"WE-Home Internet Invoice\",\n                            \"PmtType\": \"POST\",\n                            \"ServiceType\": \"PHN\",\n                            \"ServiceName\": \"Phone\",\n                            \"BillTypeAcctLabel\": \"Phone Number\",\n                            \"IsHidden\": false,\n                            \"BillRefType\": false,\n                            \"PaymentRules\": {\n                                \"IsInqRqr\": false,\n                                \"IsMobNtfy\": false,\n                                \"IsFracAcpt\": true,\n                                \"IsPrtAcpt\": false,\n                                \"IsOvrAcpt\": false,\n                                \"IsAdvAcpt\": false,\n                                \"IsAcptCardPmt\": false\n                            },\n                            \"Fees\": [\n                                {\n                                    \"Tier\": [\n                                        {\n                                            \"LowerAmt\": 0,\n                                            \"UpperAmt\": 0,\n                                            \"FixedAmt\": {\n                                                \"Amt\": 5,\n                                                \"CurCode\": \"EGP\"\n                                            }\n                                        }\n                                    ],\n                                    \"IsEmbeddedFees\": false\n                                }\n                            ],\n                            \"BillTypeStatus\": \"Available\",\n                            \"BillTypeDescription\": \"WE-Home Internet Invoice\",\n                            \"AllowRctRePrint\": true,\n                            \"OTPEnabled\": false,\n                            \"ValidationEnabled\": false,\n                            \"OTPRequired\": false,\n                            \"IsBAConfRequired\": false,\n                            \"IsTermsConditionReq\": false\n                        }\n                    ],\n                    \"BillerStatus\": \"Available\"\n                }\n            ],\n            \"totalDocs\": 1,\n            \"limit\": 2,\n            \"page\": 1,\n            \"totalPages\": 1,\n            \"pagingCounter\": 1,\n            \"hasPrevPage\": false,\n            \"hasNextPage\": false,\n            \"offset\": 0,\n            \"prevPage\": null,\n            \"nextPage\": null\n        }\n    ]\n}"
				}
			]
		},
		{
			"name": "Get Bill",
			"event": [
				{
					"listen": "test",
					"script": {
						"exec": [
							""
						],
						"type": "text/javascript"
					}
				}
			],
			"protocolProfileBehavior": {
				"disableBodyPruning": true
			},
			"request": {
				"auth": {
					"type": "bearer",
					"bearer": [
						{
							"key": "token",
							"value": "{{token}}",
							"type": "string"
						}
					]
				},
				"method": "GET",
				"header": [],
				"body": {
					"mode": "raw",
					"raw": "",
					"options": {
						"raw": {
							"language": "json"
						}
					}
				},
				"url": {
					"raw": "{{url-fawry}}/fawry/bill/{BillingAcct}/{BillTypeCode}",
					"host": [
						"{{url-fawry}}"
					],
					"path": [
						"fawry",
						"bill",
						"0120000200",
						"111"
					]
				}
			},
			"response": [
				{
					"name": "Get Bill",
					"originalRequest": {
						"method": "GET",
						"header": [],
						"body": {
							"mode": "raw",
							"raw": "",
							"options": {
								"raw": {
									"language": "json"
								}
							}
						},
						"url": {
							"raw": "{{url-fawry}}/fawry/bill/0120000200/111",
							"host": [
								"{{url-fawry}}"
							],
							"path": [
								"fawry",
								"bill",
								"0120000200",
								"111"
							]
						}
					},
					"status": "OK",
					"code": 200,
					"_postman_previewlanguage": "json",
					"header": [],
					"cookie": [],
					"body": "{\n    \"statusCode\": \"10000\",\n    \"message\": \"Success\",\n    \"data\": [\n        {\n            \"RqUID\": \"af7ae454-7c52-4150-9bf5-b527912df183\",\n            \"AsyncRqUID\": \"e549a662-40d2-4d99-9a31-b52b2418f0db\",\n            \"Status\": {\n                \"StatusCode\": 200,\n                \"Severity\": \"Info\",\n                \"StatusDesc\": \"Success.\"\n            },\n            \"BillInqRs\": {\n                \"CustId\": [],\n                \"IncOpenAmt\": true,\n                \"DeliveryMethod\": \"INT\",\n                \"BillRec\": [\n                    {\n                        \"BillNumber\": \"2009-01-01\",\n                        \"BillingAcct\": \"0120000200\",\n                        \"BillerId\": \"1\",\n                        \"BillTypeCode\": 111,\n                        \"BillRefNumber\": \"35c55703-7bcd-46d9-ab26-56c7684c4da4\",\n                        \"BillInfo\": {\n                            \"BillSummAmt\": [\n                                {\n                                    \"BillSummAmtCode\": \"TotalAmtDue\",\n                                    \"CurAmt\": {\n                                        \"Amt\": 120,\n                                        \"CurCode\": \"EGP\"\n                                    }\n                                },\n                                {\n                                    \"BillSummAmtCode\": \"Fees\",\n                                    \"CurAmt\": {\n                                        \"Amt\": 5.5,\n                                        \"CurCode\": \"EGP\"\n                                    }\n                                }\n                            ],\n                            \"DueDt\": \"2009-01-01\",\n                            \"ExpDt\": \"2009-01-01\",\n                            \"IssueDt\": \"2009-01-01\",\n                            \"PaymentRange\": [\n                                {\n                                    \"Lower\": {\n                                        \"Amt\": 30,\n                                        \"CurCode\": \"EGP\"\n                                    },\n                                    \"Upper\": {\n                                        \"Amt\": 3000,\n                                        \"CurCode\": \"EGP\"\n                                    }\n                                }\n                            ],\n                            \"RulesAwareness\": \" Vodafone Bill\"\n                        },\n                        \"BillStatus\": \"BillUnpaid\"\n                    }\n                ]\n            }\n        }\n    ]\n}"
				}
			]
		}
	]
}