{
	"info": {
		"_postman_id": "12c9a2cd-cf09-4b8d-9999-8b61cf3821ee",
		"name": "AAIB - Debitcard",
		"schema": "https://schema.getpostman.com/json/collection/v2.1.0/collection.json"
	},
	"item": [
		{
			"name": "Get cards per account",
			"event": [
				{
					"listen": "test",
					"script": {
						"exec": [
							""
						],
						"type": "text/javascript"
					}
				}
			],
			"protocolProfileBehavior": {
				"disableBodyPruning": true
			},
			"request": {
				"auth": {
					"type": "bearer",
					"bearer": [
						{
							"key": "token",
							"value": "{{token}}",
							"type": "string"
						}
					]
				},
				"method": "GET",
				"header": [],
				"body": {
					"mode": "raw",
					"raw": "",
					"options": {
						"raw": {
							"language": "json"
						}
					}
				},
				"url": {
					"raw": "{{url-debit}}/debit/account/1033314860010201",
					"host": [
						"{{url-debit}}"
					],
					"path": [
						"debit",
						"account",
						"1033314860010201"
					]
				}
			},
			"response": [
				{
					"name": "Get cards per account",
					"originalRequest": {
						"method": "GET",
						"header": [],
						"url": {
							"raw": "{{url-debit}}/debit/account/1020202310010101",
							"host": [
								"{{url-debit}}"
							],
							"path": [
								"debit",
								"account",
								"1020202310010101"
							]
						}
					},
					"status": "OK",
					"code": 200,
					"_postman_previewlanguage": "json",
					"header": [],
					"cookie": [],
					"body": "{\n    \"statusCode\": \"10000\",\n    \"message\": \"Success\",\n    \"data\": [\n        {\n            \"Region\": \"L\",\n            \"CardToken\": \"?C7AWQMUPAMU8E1P\",\n            \"CardNumber\": \"460014xxxxxx6485\",\n            \"CustomerNo\": \"10100726\",\n            \"BranchCode\": \"HEA\",\n            \"CustomerName\": \"MOHAMED FAWZY SALAH\",\n            \"ExpiryDate\": \"20240531\",\n            \"CardStatus\": \"ACTIVE\",\n            \"NameOnCard\": \"MOHAMED FAWZY SALAH AHMED\",\n            \"CashLimit\": 99990000,\n            \"PurchaseLimit\": 1000000,\n            \"MobileNo\": \"\",\n            \"OnlinePayment\": true,\n            \"ATMWithdrawal\": true,\n            \"LimitProfile\": \"AAIB STAFF\",\n            \"CardType\": \"VSD\",\n            \"LinkedAccounts\": [\n                {\n                    \"Number\": \"1010072660050201\",\n                    \"Currency\": \"EGP\",\n                    \"Type\": \"Savings\",\n                    \"Status\": \"A\",\n                    \"Reason\": \"\"\n                }\n            ]\n        }\n    ]\n}"
				}
			]
		},
		{
			"name": "Get cards per account Copy",
			"event": [
				{
					"listen": "test",
					"script": {
						"exec": [
							""
						],
						"type": "text/javascript"
					}
				}
			],
			"protocolProfileBehavior": {
				"disableBodyPruning": true
			},
			"request": {
				"auth": {
					"type": "bearer",
					"bearer": [
						{
							"key": "token",
							"value": "{{token}}",
							"type": "string"
						}
					]
				},
				"method": "GET",
				"header": [],
				"body": {
					"mode": "raw",
					"raw": "",
					"options": {
						"raw": {
							"language": "json"
						}
					}
				},
				"url": {
					"raw": "{{url-debit}}/debit/account/1010115060010201",
					"host": [
						"{{url-debit}}"
					],
					"path": [
						"debit",
						"account",
						"1010115060010201"
					]
				}
			},
			"response": [
				{
					"name": "Get cards per account",
					"originalRequest": {
						"method": "GET",
						"header": [],
						"url": {
							"raw": "{{url-debit}}/debit/account/1020202310010101",
							"host": [
								"{{url-debit}}"
							],
							"path": [
								"debit",
								"account",
								"1020202310010101"
							]
						}
					},
					"status": "OK",
					"code": 200,
					"_postman_previewlanguage": "json",
					"header": [],
					"cookie": [],
					"body": "{\n    \"statusCode\": \"10000\",\n    \"message\": \"Success\",\n    \"data\": [\n        {\n            \"Region\": \"L\",\n            \"CardToken\": \"?C7AWQMUPAMU8E1P\",\n            \"CardNumber\": \"460014xxxxxx6485\",\n            \"CustomerNo\": \"10100726\",\n            \"BranchCode\": \"HEA\",\n            \"CustomerName\": \"MOHAMED FAWZY SALAH\",\n            \"ExpiryDate\": \"20240531\",\n            \"CardStatus\": \"ACTIVE\",\n            \"NameOnCard\": \"MOHAMED FAWZY SALAH AHMED\",\n            \"CashLimit\": 99990000,\n            \"PurchaseLimit\": 1000000,\n            \"MobileNo\": \"\",\n            \"OnlinePayment\": true,\n            \"ATMWithdrawal\": true,\n            \"LimitProfile\": \"AAIB STAFF\",\n            \"CardType\": \"VSD\",\n            \"LinkedAccounts\": [\n                {\n                    \"Number\": \"1010072660050201\",\n                    \"Currency\": \"EGP\",\n                    \"Type\": \"Savings\",\n                    \"Status\": \"A\",\n                    \"Reason\": \"\"\n                }\n            ]\n        }\n    ]\n}"
				}
			]
		},
		{
			"name": "Change card status",
			"event": [
				{
					"listen": "test",
					"script": {
						"exec": [
							""
						],
						"type": "text/javascript"
					}
				}
			],
			"request": {
				"auth": {
					"type": "bearer",
					"bearer": [
						{
							"key": "token",
							"value": "{{token}}",
							"type": "string"
						}
					]
				},
				"method": "POST",
				"header": [],
				"body": {
					"mode": "raw",
					"raw": "{\r\n    \"action\": \"Normal\",\r\n    \"cardToken\": \"Token\"\r\n}",
					"options": {
						"raw": {
							"language": "json"
						}
					}
				},
				"url": {
					"raw": "{{url-debit}}/debit/setstatus",
					"host": [
						"{{url-debit}}"
					],
					"path": [
						"debit",
						"setstatus"
					]
				}
			},
			"response": [
				{
					"name": "Change card status",
					"originalRequest": {
						"method": "POST",
						"header": [],
						"body": {
							"mode": "raw",
							"raw": "{\r\n    \"action\": \"Normal\",\r\n    \"cardToken\": \"Token\"\r\n}",
							"options": {
								"raw": {
									"language": "json"
								}
							}
						},
						"url": {
							"raw": "{{url-debit}}/debit/setstatus",
							"host": [
								"{{url-debit}}"
							],
							"path": [
								"debit",
								"setstatus"
							]
						}
					},
					"status": "OK",
					"code": 200,
					"_postman_previewlanguage": "json",
					"header": [],
					"cookie": [],
					"body": "{\n    \"statusCode\": \"10000\",\n    \"message\": \"Success\",\n    \"data\": {\n        \"message\": \"Success\"\n    }\n}"
				}
			]
		},
		{
			"name": "Change online payment status",
			"event": [
				{
					"listen": "test",
					"script": {
						"exec": [
							""
						],
						"type": "text/javascript"
					}
				}
			],
			"request": {
				"auth": {
					"type": "bearer",
					"bearer": [
						{
							"key": "token",
							"value": "{{token}}",
							"type": "string"
						}
					]
				},
				"method": "POST",
				"header": [],
				"body": {
					"mode": "raw",
					"raw": "{\r\n    \"action\": \"Enable\",\r\n    \"cardToken\": \"Token\"\r\n}",
					"options": {
						"raw": {
							"language": "json"
						}
					}
				},
				"url": {
					"raw": "{{url-debit}}/debit/setOnlineCards",
					"host": [
						"{{url-debit}}"
					],
					"path": [
						"debit",
						"setOnlineCards"
					]
				}
			},
			"response": [
				{
					"name": "Change online payment status",
					"originalRequest": {
						"method": "POST",
						"header": [],
						"body": {
							"mode": "raw",
							"raw": "{\r\n    \"action\": \"Enable\",\r\n    \"cardToken\": \"Token\"\r\n}",
							"options": {
								"raw": {
									"language": "json"
								}
							}
						},
						"url": {
							"raw": "{{url-debit}}/debit/setOnlineCards",
							"host": [
								"{{url-debit}}"
							],
							"path": [
								"debit",
								"setOnlineCards"
							]
						}
					},
					"status": "OK",
					"code": 200,
					"_postman_previewlanguage": "json",
					"header": [],
					"cookie": [],
					"body": "{\n    \"statusCode\": \"10000\",\n    \"message\": \"Success\",\n    \"data\": {\n        \"message\": \"Success\"\n    }\n}"
				}
			]
		},
		{
			"name": "Get debit card transactions",
			"event": [
				{
					"listen": "test",
					"script": {
						"exec": [
							""
						],
						"type": "text/javascript"
					}
				}
			],
			"protocolProfileBehavior": {
				"disableBodyPruning": true
			},
			"request": {
				"auth": {
					"type": "bearer",
					"bearer": [
						{
							"key": "token",
							"value": "{{token}}",
							"type": "string"
						}
					]
				},
				"method": "GET",
				"header": [],
				"body": {
					"mode": "urlencoded",
					"urlencoded": []
				},
				"url": {
					"raw": "{{url-debit}}/debit/transactions/1000000160050201?fromDate=20210123&toDate=20210927",
					"host": [
						"{{url-debit}}"
					],
					"path": [
						"debit",
						"transactions",
						"1000000160050201"
					],
					"query": [
						{
							"key": "fromDate",
							"value": "20210123"
						},
						{
							"key": "toDate",
							"value": "20210927"
						}
					]
				}
			},
			"response": [
				{
					"name": "Get debit card transactions",
					"originalRequest": {
						"method": "GET",
						"header": [],
						"url": {
							"raw": "{{url-debit}}/debit/transactions/1000000160050201?fromDate=20210123&toDate=20210927",
							"host": [
								"{{url-debit}}"
							],
							"path": [
								"debit",
								"transactions",
								"1000000160050201"
							],
							"query": [
								{
									"key": "fromDate",
									"value": "20210123"
								},
								{
									"key": "toDate",
									"value": "20210927"
								}
							]
						}
					},
					"status": "OK",
					"code": 200,
					"_postman_previewlanguage": "json",
					"header": [
						{
							"key": "X-Powered-By",
							"value": "Express"
						},
						{
							"key": "Access-Control-Allow-Origin",
							"value": "*"
						},
						{
							"key": "Content-Type",
							"value": "application/json; charset=utf-8"
						},
						{
							"key": "Content-Length",
							"value": "2016"
						},
						{
							"key": "ETag",
							"value": "W/\"7e0-a5J1nFJ93T4JP+aoswMSSAGPGas\""
						},
						{
							"key": "Date",
							"value": "Tue, 28 Sep 2021 08:46:45 GMT"
						},
						{
							"key": "Connection",
							"value": "keep-alive"
						},
						{
							"key": "Keep-Alive",
							"value": "timeout=5"
						}
					],
					"cookie": [],
					"body": "{\n    \"statusCode\": \"10000\",\n    \"message\": \"Success\",\n    \"data\": {\n        \"transactions\": [\n            {\n                \"TransCode\": \"790\",\n                \"AccID\": \"1000000160050201\",\n                \"BookingDate\": 20210321,\n                \"TransRef\": \"FT21080JKCW2\",\n                \"Description\": \"ATM Cash Withdrawal EL MOLTAQA TOWERS ABBASCAIRO EG 548970 8867 EGP200.00\",\n                \"ValueDate\": 20210321,\n                \"Withdrawals\": -200,\n                \"Deposits\": 0,\n                \"Balance\": 2007.33,\n                \"Currency\": \"EGP\",\n                \"Timestamp\": \"20210321.1514\",\n                \"isDbtCrdTrans\": true,\n                \"Status\": \"Completed\",\n                \"correlationId\": \"FT21080JKCW2-20210321.1514\"\n            },\n            {\n                \"TransCode\": \"790\",\n                \"AccID\": \"1000000160050201\",\n                \"BookingDate\": 20210318,\n                \"TransRef\": \"FT21077CLPFV\",\n                \"Description\": \"ATM Cash Withdrawal EL MOLTAQA TOWERS ABBASCAIRO EG 298500 8308 EGP350.00\",\n                \"ValueDate\": 20210318,\n                \"Withdrawals\": -350,\n                \"Deposits\": 0,\n                \"Balance\": 1350.73,\n                \"Currency\": \"EGP\",\n                \"Timestamp\": \"20210318.0817\",\n                \"isDbtCrdTrans\": true,\n                \"Status\": \"Completed\",\n                \"correlationId\": \"FT21077CLPFV-20210318.0817\"\n            },\n            {\n                \"TransCode\": \"790\",\n                \"AccID\": \"1000000160050201\",\n                \"BookingDate\": 20210317,\n                \"TransRef\": \"FT210763L1NS\",\n                \"Description\": \"ATM Cash Withdrawal EL MOLTAQA TOWERS ABBASCAIRO EG 547540 8235 EGP50.00\",\n                \"ValueDate\": 20210317,\n                \"Withdrawals\": -50,\n                \"Deposits\": 0,\n                \"Balance\": 1837.73,\n                \"Currency\": \"EGP\",\n                \"Timestamp\": \"20210317.1512\",\n                \"isDbtCrdTrans\": true,\n                \"Status\": \"Completed\",\n                \"correlationId\": \"FT210763L1NS-20210317.1512\"\n            },\n            {\n                \"TransCode\": \"772\",\n                \"AccID\": \"1000000160050201\",\n                \"BookingDate\": 20210216,\n                \"TransRef\": \"FT210478KLR9\",\n                \"Description\": \"ATM Funds Transfer Request FAWRYEL MOLTAQA TOWERS CAIRO 00EG  8365 EGP100.00\",\n                \"ValueDate\": 20210216,\n                \"Withdrawals\": -100,\n                \"Deposits\": 0,\n                \"Balance\": 806.19,\n                \"Currency\": \"EGP\",\n                \"Timestamp\": \"20210216.1543\",\n                \"isDbtCrdTrans\": true,\n                \"Status\": \"Completed\",\n                \"correlationId\": \"FT210478KLR9-20210216.1543\"\n            },\n            {\n                \"TransCode\": \"544\",\n                \"AccID\": \"1000000160050201\",\n                \"BookingDate\": 20210207,\n                \"TransRef\": \"FT21038ZMLQN\",\n                \"Description\": \"Debit Card TRX 01330000,APP 747560,103520574006 02/04/2021,EGP 200,Card 1851\",\n                \"ValueDate\": 20210205,\n                \"Withdrawals\": -200,\n                \"Deposits\": 0,\n                \"Balance\": 1301.19,\n                \"Currency\": \"EGP\",\n                \"Timestamp\": \"20210207.1128\",\n                \"isDbtCrdTrans\": true,\n                \"Status\": \"Completed\",\n                \"correlationId\": \"FT21038ZMLQN-20210207.1128\"\n            }\n        ]\n    }\n}"
				}
			]
		},
		{
			"name": "get cards per customer",
			"request": {
				"auth": {
					"type": "bearer",
					"bearer": [
						{
							"key": "token",
							"value": "{{token}}",
							"type": "string"
						}
					]
				},
				"method": "GET",
				"header": [],
				"url": {
					"raw": "{{url-debit}}/debit/customer/cards/1033314860010201",
					"host": [
						"{{url-debit}}"
					],
					"path": [
						"debit",
						"customer",
						"cards",
						"1033314860010201"
					]
				}
			},
			"response": []
		},
		{
			"name": "change link state of cards to an account",
			"request": {
				"auth": {
					"type": "bearer",
					"bearer": [
						{
							"key": "token",
							"value": "{{token}}",
							"type": "string"
						}
					]
				},
				"method": "POST",
				"header": [],
				"body": {
					"mode": "raw",
					"raw": "{\r\n    \"CardToken\":\"?C5FF5R419FA5L2F\",\r\n    \"AccId\":\"1033314860010201\",\r\n    \"Action\":\"Inactive\"\r\n}",
					"options": {
						"raw": {
							"language": "json"
						}
					}
				},
				"url": {
					"raw": "{{url-debit}}/debit/debitcardaccount/setStatus",
					"host": [
						"{{url-debit}}"
					],
					"path": [
						"debit",
						"debitcardaccount",
						"setStatus"
					]
				}
			},
			"response": []
		}
	],
	"event": [
		{
			"listen": "prerequest",
			"script": {
				"type": "text/javascript",
				"exec": [
					""
				]
			}
		},
		{
			"listen": "test",
			"script": {
				"type": "text/javascript",
				"exec": [
					""
				]
			}
		}
	],
	"variable": [
		{
			"key": "url-debit",
			"value": "localhost:3010"
		}
	]
}